{"cameraMode":{"drawMode":0,"name":"Shaded","section":"Shading Mode"},"sceneLighting":false,"audioPlay":false,"sceneViewState":{"m_AlwaysRefresh":false,"showFog":true,"showSkybox":false,"showFlares":true,"showImageEffects":true,"showParticleSystems":true,"showVisualEffectGraphs":true,"m_FxEnabled":true},"in2DMode":false,"pivot":{"x":-35.840145111083987,"y":1.0000009536743165,"z":-34.478233337402347},"rotation":{"x":-0.20385317504405976,"y":0.06955218315124512,"z":-0.014458258636295796,"w":-0.9764454364776611},"size":1.7320507764816285,"orthographic":false}